IGFTTCDLQDFDDAFPQELNEVVRYVKNCPYDRAWAPDGMTLTPCIIEGHFNQAKIIDEIYADRKKNLIHSAEKKGLWAPKYLIAVTDSHFSLWEQDEEE	100	23	0.23
IVFTTCQCQCFDEYDEQEQDIVERFVPNCEYDRAWAPPGMTETPAIIVGHMEDAKIEYDEYEPRKKNLIDSAHKKGLWEPKYLIAVTQSHFSLWEWDEEH	100	24	0.24
IVFTTCQCQPFEKYFDQDQNIVVRYVKNCAWDRAPLDPGMTLTPCIIVPHFDLAKIEYEIYAERKKNLIHSAHKVGEDAPKDEIAVDQSHESLWEQDEEH	100	24	0.24
WVFTTCQCQCFDKYDDQEQNIVVRYVKNCAYDPAWDPPGFTLTECIIDDHFEQGKIEYEIYAPRKENPDHSAHDKGEWAPKYLIAVTQAHFSLDEQDEEV	100	28	0.28
IVFTTCQCQCFDKYFDQEANWVVRYVKECAYDRADADPGMTLDPEIIEGEFNQAKDEYDMYAPRKDNLIHSAVKDGLWDPKYLIAVIQMHFSLWEQEEEH	100	24	0.24
IVFDTCQCQCFDEYFDQEQNIVVRGVKECAYDRAWAPPEMTLTPCIIVGHFVVAKIEYEIYAERKKNLIDSAHDEGLDGPIYLDADTQSHFELWEQDEEH	100	24	0.24
IVDTTCQCQCFDKDFDDEQNIVVRYVKNEAYDRAWEPPGMTLVECIPVGHFNQAKIEMEIYAERDKNLIHSAHKKDLWAPKYLIAVTESHFSLEEQDEDD	100	24	0.24
IVFTTGQCQCFDKYFDFEQNIVVDYDKNCAYDRDWADPGMTLDPCIIVGHFNQAKIEYEEDAPRKKNIIHSAEEKGFWAPKYLDAVTQSEFSLWEQDEEH	100	26	0.26
IVFTTCQCQEFDKYFDQEQNIDVEYVKNCAYDRAWAPDGITETDCEIVGHFNDDKDEYEIPAPRKENLIHSDHKKDLWAPDYLIAVTQAHFSLWEQDEDH	100	26	0.26
DVATTCECQCFDKYFDQEQNIVARYVKNCAYDRAWAAPGMTVTPCDIVGHFNQAKDEYEIYAPRKKEDDHSAHKKGLDADKYLIAVTDSHFSLEEQDEEH	100	27	0.27
PEFTDCVEDDFDKYFDQEQNIVVRYEKNEAYDRAWDPPGMTLTPCIIVGHFNQAKIEYEVYEGRKKVVIDSAHKAGLWAPKYLIEVTQSHFSLWEQDEEV	100	23	0.23
AVFTTCQCQCFDKYFDQEEDIVVRYVKNCAYDRAWDPPDMDLTPCIIDGHFDQAFIEYEIYVPRKKNLDHSAMDKDLWAPKDLIAVTQWHFSLWEQDEED	100	24	0.24
IVFTTCQMQDFDKYFDQEQNEVVRYVKNCAYMRMWAPDGMTETPCIIVGHLNQAAIEYEIYAPREANDDHDAHEKGLDAPKYEIDVEQSHFSLWEQDEEH	100	26	0.26
IEFTTEECQCFDDYFEQDMNIVVRYVKNCAYDREWAPDGETLTPCIIVGHFNQAKIEYLIYAPEKKNLWHSAHKIGEWAPWYDIAETQSMFSLWFQDEEH	100	27	0.27
IVETTCQCQCFDKYFDEEQNIVVRYVKNCADDDAWADPDMTLTPCIIVGHFNQADIEYEIDAPRKKDDGHSAHKKGIDAPKYLIAVTQEHFSDEEQDEEH	100	25	0.25
IGDTTCQEQCFDKYFDQEDNEVVRDVKNCAYDRAWAPPGMTLTPCIIDGLFNQAKIEYEIYAPRKKNLIFSAEIKGLWAPKDLIADTEWHFELWEQDEEH	100	23	0.23
IVFTTCQCQCFDKYFDQEPNIVVRYVKDCAYDRAWAPPVMTLTPCIIVGHFNQAEIEYEIYEEDKENLIHSEHKWGLWDPKYLIAWWQSHESLWMQDEEH	100	27	0.27
IVFTTCQCQEFDKEFDQEQNIVVRYVKNCADERAWAPDGMMDEPCIIVDEFNFAKIEWEIYAPRKKEAIHSAHDKALWAPKYLIAVTQSHFSLWDQDEEH	100	22	0.22
IVFTTCQCQCFDDYEDEAENIWVREVKNCDYDRLWAPPDMTLTPCIIVGHGGQAKIEYEIYAPRKKIEIPSAHKKGLWAPKYLIGVTQSHFDLWEQDEEH	100	24	0.24
IVFTTCECQCFDKDFDQDLDIVVRYVDNDAYDRFWAPPGMTLTPCIIVGHFNQAKIEYEIYLPRKKNEIHEEHKKDLWAPKYDIAVDQSHFSLDEGDEEH	100	22	0.22
IVFFTGQCQCFDKYFDQEQNIVVRYVKNDAYDEAWAPPGMTLEPCDIVGHFPQAEIPYEIYEPRKKNLIHDVHEEDLWAPKYLIAVTQSHFSLWEQDEDH	100	24	0.24
IVFTTCQAQAFDKYFDDEQDIEVRYVKNCAYDRAWAPPGMTLTPCEIVGHFNQAKIEIEIYADRKKNLDWSAHKKGLEDPKYLIAVEQLHFSLWEQDEED	100	23	0.23
FVFMTCQDQCFDKMFEQEQNEPVRYVKNCAYDRAWAPPGMTLTPCIIVGHFNQDKIEYEIYAPPPKNLDWSAHKWGLWADKYLIAVTQSHFSDWEQDEEE	100	27	0.27
IDFTTCGCQCFDKYFDQEQNIVVMEVKNCEYDRAEEEPGGTLTPCIPVGHFNQAKEEYGIYAPRKPDLIHSAHKKGLWAEKYLIEVTQSDFSLWEQDELH	100	27	0.27
IDFTTCECQCEEKYFDQEQNAVVRYDKNCEYDRAWAPPGMLLTPFIIVDDFNQAKIGYEIYEPRKKPLIHSEHKKGLWEPKYLILVTQSHFSDWEQDDEE	100	26	0.26
IVFTTCQCQCEDFYFDQEQIIVVDDVKECFYDRAWAEPEFTLTPCEIVGHFNQAKDEYEIYAPRKKNLIHIAHAKGLEAPKYLIAVTESHFSEWEQDEED	100	25	0.25
IDFTTDQCQCFDKYFEQEQNIVDRYVKECAYDEADAPPGETLTPCIIIGHFNLAKIEYEIYAPRKKNLIESAHKKELEGPKMLIAVTQSHFSLWEQDIEH	100	26	0.26
IVFTTCQCLCFMKYFDGEQNIDDRYEKNCEYDRADAPDGMTLTPCIIVGHFNQAKDEYGPYAPRKKNLIHSADKKGLWADKYLIEETESHFSLWEDDDEH	100	26	0.26
IVFTTCDCQDFDKYADQFQNIVWRYVKNCAYDRAWAPPGMTDTPEIIVGDFNFAKIEYDIYADRKKNLIWSAHKKELWAPKDLIDVTESHFSEWEQDVEH	100	24	0.24
VVFTTCQEQCFIEYFDQEQNIVVRYVEDCAYDRAWAPPGMLLTPEIVVEHFEQAKGEYEIAPPRKKNEIHSAHKKGDDAPKYLEAVTQSHFSEWEQDEEH	100	24	0.24
IVFTTDQCQDFDDLFDEEQNIVGRYVDNCAYDRAWAPPEMTLTPFIIVGHFNQAKIEYEIYLPRKKNEEHSAHKKGEWWPKYLIADIQSHFSLWEEDEEH	100	23	0.23
IVFTTCQCQCEEKYDDQEQNIVERYVKNCAFDRFWAEPGMELTPCIIDDHFEQAIIDYEIYDPRKKNLIHSAHKKGLWAPKDLIAWTQSHFSLEEQDEEH	100	26	0.26
DVFTTCQCECFDKYVDQEQNMVVRFVKNCAYDEAWADPDMTDTPCIDVEHFNQADIEYEIYAPDKKNLIHSAHEKGLWEPKYLIAVTQSLFSLWDDLEEH	100	27	0.27
IEFTTCQCQCEDKEFLQEQNGVDEYEKNCAYDRAWAPPGMTLTPCIIVGHMDQAKIEEDIYAPRMKNLIHSAHEKGDWAPKYLIAVTQSHFSLWMQDEEE	100	27	0.27
IVFTTDQCQCFDKYFDQDDNIVVRYVKNCAYDRAWAPPGMTLTPEIIDPHFNQMKEEYPIYFPPKVNLIHSADKKGEWAPKYLIAETQGHFSLWEDDEEW	100	25	0.25
IVETTCQCQPFDKAFPQEQNIEVRYVKNCAEDRDWAGPGMLLTPCIIVGEDNQAEIEYEIYAPRKKNLIHSVHKDGEWAPKYAEAVTQSHFSLWEQDEEH	100	26	0.26
VVFTTCQCQCFDKAFFQEQNIVVIWVKNCAYDDADAPPGMTLTPCIMVGHENQAKDEYEIYAPRKKNLIDEADAKGLWAPKDLIAVTQSHFSLDEQDEEE	100	26	0.26
IVFTTCQCDCFVKYFDQEQDDVVRYVDNCDYDRDWAEPGMTLTPEIIVGHFNQAKIEYEEYAGRKDNLIHSDHKKGMWAPKYLIAVEQDHFSLWEWDEEH	100	24	0.24
IVFTTCQCQEEEKYFDEEQNIVVRYVKNWAYDRAWAPPGWTLTECIIAGHFNQAKIEYEIYAPVKWNLIHSAHKKGGEDPKYLIAVTQEHFDLWEQDDEH	100	25	0.25
IVFTGCQCQCDDKIFEQEQNWVVRYVKNCAEDRAWAPEGPTLTPEIIVGHFNQAKIEYEFYAPRKKNLEHDAHKKGLWAPEYLIAVTQSHFSDWEQDEEH	100	25	0.25
IVDTDCQCQCFDKYFDQEQEIVVRYDKNPDEDRAWADVGMTLTPCIIVEHFNQAKIEYEIYAPDEKDLIHSAHKKGLWAPKYLIAVDQGHASLWPQDEEH	100	23	0.23
IFFTTCQCQCFDKDFAEIQNIVDEYVKNEAIDREIAPPGMTLTPCIIVGHFNQAKIEDEIYAPDKKNLIHSMWKKGLWAPKYLIAVTVSEFELWEDDEEH	100	22	0.22
IVFTTCQCQCFDKYFLQEQNIVVRYVKNCAYDRMWAEPGMTLTPCIIVGHDNQADIEYEIEAPRKKILIHSAEKKELAADKYDIIETQSHESLWDQDEEL	100	28	0.28
IVFTTCQCDCFDKDFDQDQEIVVGYVKNCEVDRAWAPPGMTLTPCIIVEHFNQAKIEYEIWDPREDNLIHSAHDKGDWAPKYLWAVTQSHFSLWEQDEEH	100	25	0.25
IVFTLCQEECFDIEFDQEQNDVPRYVKNCAYFRAWAPIGMTLTPCIEVGHFNQAKIEDEEYDPRKKNLIESAHKKGLWAPKYLDAVTESHFSLWEQDGEH	100	24	0.24
EVFTTCDIQCFDKYFVQEQNIDVRYVKNVAYDRAWADPGMTLTPPIIVEHFNQAKIEYEIYAEEKKELDDSEDKKGLWAPKYLIADDQSHFSLWEQDEEH	100	24	0.24
IVFTTCECQCEDKYFDQEQNDVERYEKNEAYDRAPAEPGMTDTPCDDVGHFNQAKIEYEIYFPRKGNLIGSAHKKGLWAPDYLIDVTQSEFSDWEQDEEH	100	28	0.28
IVFTTCQCQCFDKDEDQEQNEVVRYDKNEAYDRAWDPDGMTLTPCIIVGDFEMAEIEYDIYAPRKKNLIDDAHKKGEWAPKYLIWVTQSHFWLIEQDEEH	100	24	0.24
IVFTTCECQCFEKYFDEGQNIVVRYVKGCGYDRAWDEPGMTLTPCIIVGDENAAKIEYEEYDPRKKNDIHVAHKKELWVPKVLIAVTQSHFSLWEQDEEH	100	24	0.24
IVFTTDQCQCFDKYFDQEQNIVVRYMKNCDYDRAEAPPGGVLTPCIIVGHFNQADIEDEIYAPRKKELIHSAHKKGDWELKYEIAVTQSHLSDWEEDEEH	100	25	0.25
